sgRNA,DNA,Position,Score
A,C,1,0.857142857
A,C,2,0.785714286
A,C,3,0.428571429
A,C,4,0.352941176
A,C,5,0.5
A,C,6,0.454545455
A,C,7,0.4375
A,C,8,0.428571429
A,C,9,0.571428571
A,C,10,0.333333333
A,C,11,0.4
A,C,12,0.263157895
A,C,13,0.210526316
A,C,14,0.214285714
A,C,15,0.272727273
A,C,16,0
A,C,17,0.176470588
A,C,18,0.19047619
A,C,19,0.206896552
A,C,20,0.227272727
A,G,1,1
A,G,2,0.8
A,G,3,0.611111111
A,G,4,0.625
A,G,5,0.72
A,G,6,0.714285714
A,G,7,0.705882353
A,G,8,0.733333333
A,G,9,0.666666667
A,G,10,0.555555556
A,G,11,0.65
A,G,12,0.722222222
A,G,13,0.652173913
A,G,14,0.466666667
A,G,15,0.65
A,G,16,0.192307692
A,G,17,0.176470588
A,G,18,0.4
A,G,19,0.375
A,G,20,0.764705882
A,T,1,1
A,T,2,0.727272727
A,T,3,0.705882353
A,T,4,0.636363636
A,T,5,0.363636364
A,T,6,0.714285714
A,T,7,0.4375
A,T,8,0.428571429
A,T,9,0.6
A,T,10,0.882352941
A,T,11,0.307692308
A,T,12,0.333333333
A,T,13,0.3
A,T,14,0.533333333
A,T,15,0.2
A,T,16,0
A,T,17,0.133333333
A,T,18,0.5
A,T,19,0.538461538
A,T,20,0.6
C,A,1,1
C,A,2,0.727272727
C,A,3,0.866666667
C,A,4,0.842105263
C,A,5,0.571428571
C,A,6,0.928571429
C,A,7,0.75
C,A,8,0.65
C,A,9,0.857142857
C,A,10,0.866666667
C,A,11,0.75
C,A,12,0.714285714
C,A,13,0.384615385
C,A,14,0.35
C,A,15,0.222222222
C,A,16,1
C,A,17,0.466666667
C,A,18,0.538461538
C,A,19,0.428571429
C,A,20,0.5
C,G,1,0.913043478
C,G,2,0.695652174
C,G,3,0.5
C,G,4,0.5
C,G,5,0.6
C,G,6,0.5
C,G,7,0.470588235
C,G,8,0.642857143
C,G,9,0.619047619
C,G,10,0.388888889
C,G,11,0.25
C,G,12,0.444444444
C,G,13,0.136363636
C,G,14,0
C,G,15,0.05
C,G,16,0.153846154
C,G,17,0.058823529
C,G,18,0.133333333
C,G,19,0.125
C,G,20,0.058823529
C,T,1,1
C,T,2,0.909090909
C,T,3,0.6875
C,T,4,0.8
C,T,5,0.636363636
C,T,6,0.928571429
C,T,7,0.8125
C,T,8,0.875
C,T,9,0.875
C,T,10,0.941176471
C,T,11,0.307692308
C,T,12,0.538461538
C,T,13,0.7
C,T,14,0.733333333
C,T,15,0.066666667
C,T,16,0.307692308
C,T,17,0.466666667
C,T,18,0.642857143
C,T,19,0.461538462
C,T,20,0.3
G,A,1,0.9
G,A,2,0.846153846
G,A,3,0.75
G,A,4,0.9
G,A,5,0.866666667
G,A,6,1
G,A,7,1
G,A,8,1
G,A,9,0.642857143
G,A,10,0.933333333
G,A,11,1
G,A,12,0.933333333
G,A,13,0.923076923
G,A,14,0.75
G,A,15,0.941176471
G,A,16,1
G,A,17,0.933333333
G,A,18,0.692307692
G,A,19,0.714285714
G,A,20,0.9375
G,C,1,0.714285714
G,C,2,0.692307692
G,C,3,0.384615385
G,C,4,0.529411765
G,C,5,0.785714286
G,C,6,0.681818182
G,C,7,0.6875
G,C,8,0.615384615
G,C,9,0.538461538
G,C,10,0.4
G,C,11,0.428571429
G,C,12,0.529411765
G,C,13,0.421052632
G,C,14,0.428571429
G,C,15,0.272727273
G,C,16,0
G,C,17,0.235294118
G,C,18,0.476190476
G,C,19,0.448275862
G,C,20,0.428571429
G,T,1,1
G,T,2,0.636363636
G,T,3,0.5
G,T,4,0.363636364
G,T,5,0.3
G,T,6,0.666666667
G,T,7,0.571428571
G,T,8,0.625
G,T,9,0.533333333
G,T,10,0.8125
G,T,11,0.384615385
G,T,12,0.384615385
G,T,13,0.3
G,T,14,0.266666667
G,T,15,0.142857143
G,T,16,0
G,T,17,0.25
G,T,18,0.666666667
G,T,19,0.666666667
G,T,20,0.7
T,A,1,1
T,A,2,0.846153846
T,A,3,0.714285714
T,A,4,0.476190476
T,A,5,0.5
T,A,6,0.866666667
T,A,7,0.875
T,A,8,0.8
T,A,9,0.928571429
T,A,10,0.857142857
T,A,11,0.75
T,A,12,0.8
T,A,13,0.692307692
T,A,14,0.619047619
T,A,15,0.578947368
T,A,16,0.909090909
T,A,17,0.533333333
T,A,18,0.666666667
T,A,19,0.285714286
T,A,20,0.5625
T,C,1,0.857142857
T,C,2,0.857142857
T,C,3,0.428571429
T,C,4,0.647058824
T,C,5,1
T,C,6,0.909090909
T,C,7,0.6875
T,C,8,1
T,C,9,0.923076923
T,C,10,0.533333333
T,C,11,0.666666667
T,C,12,0.947368421
T,C,13,0.789473684
T,C,14,0.285714286
T,C,15,0.272727273
T,C,16,0.666666667
T,C,17,0.705882353
T,C,18,0.428571429
T,C,19,0.275862069
T,C,20,0.090909091
T,G,1,0.956521739
T,G,2,0.84
T,G,3,0.5
T,G,4,0.625
T,G,5,0.64
T,G,6,0.571428571
T,G,7,0.588235294
T,G,8,0.733333333
T,G,9,0.619047619
T,G,10,0.5
T,G,11,0.4
T,G,12,0.5
T,G,13,0.260869565
T,G,14,0
T,G,15,0.05
T,G,16,0.346153846
T,G,17,0.117647059
T,G,18,0.333333333
T,G,19,0.25
T,G,20,0.176470588
